"ANO","MES","ICDV","GasolinaRegular","OCUPACION_HOT","M1","Ratio_M3-M1","EMBI-RD","IMAE","M2","Remesas","Reservas","TC venta","Turistas","IPC_VAR","COTIZANTES","CONSUMO_TC","LIMITE_TC","CREDITO.MN","RATIO_INCUMPLIMIENTO","TIPM_INTERBANCARIA","MH10A_INTERBANCARIA","MH10A","NET_INTEREST_INCOME_VAR","GROSS_CREDIT_INCOME_VAR","ITBIS","ITBIS_12m"
2008,1,NA,NA,86.8,137974.508,2.832,3.75,60.66,396556.791,NA,2216.9,33.96,372,9.047,832677,NA,NA,NA,NA,8.1,NA,NA,NA,NA,NA,NA
2008,2,NA,NA,91.3,139968.387,2.83,4.57,62.11,398178.436,NA,2245.2,34.04,389.08,8.679,858797,NA,NA,NA,NA,8.92,NA,NA,NA,NA,NA,NA
2008,3,NA,NA,84.8,140439.094,2.961,4.43,63.93,393562.852,NA,2183.9,34.14,315.72,9.672,901599,NA,NA,NA,NA,9.95,NA,NA,NA,NA,NA,NA
2008,4,NA,NA,78.9,137069.561,2.973,4.02,62.97,391311.894,NA,2193.2,34.13,247.36,10.833,882878,NA,NA,NA,NA,9.98,NA,NA,NA,NA,NA,NA
2008,5,NA,NA,61.3,129237.865,3.097,4.09,61.05,387009.797,NA,1975,34.27,281.34,10.035,908331,NA,NA,NA,NA,10.29,NA,NA,NA,NA,NA,NA
2008,6,NA,NA,62.9,128547.886,3.151,4.89,61.9,392876.564,NA,2078.5,34.39,327.23,12.204,915787,NA,NA,NA,NA,10.93,NA,NA,NA,NA,NA,NA
2008,7,NA,NA,71.7,127038.227,2.988,5.09,57.7,391619.189,NA,2111.2,34.8,281.09,13.728,928221,NA,NA,NA,NA,13.23,NA,NA,NA,NA,NA,NA
2008,8,NA,NA,72.6,125524.314,2.95,5.4,54.63,396699.103,NA,2099.2,34.95,162.95,14.568,896435,NA,NA,NA,NA,13.96,NA,NA,NA,NA,NA,NA
2008,9,NA,NA,51.7,120461.66,3.029,12.5,60.37,395449.122,NA,2007.7,35.09,177.07,14.579,921225,NA,NA,NA,NA,15.06,NA,NA,NA,NA,NA,NA
2008,10,NA,NA,51.3,122432.235,2.941,16.37,57.25,397944.272,NA,1986.5,35.32,233.18,12.844,928195,NA,NA,NA,NA,15.43,NA,NA,NA,NA,NA,NA
2008,11,NA,NA,64.4,128670.125,2.773,17.09,60.66,407899.186,NA,2165.4,35.39,307.48,7.214,901909,NA,NA,NA,NA,15.51,NA,NA,NA,NA,NA,NA
2008,12,NA,NA,67.3,125117.288,2.985,13.98,58.07,406964.95,NA,2085.4,35.49,346,4.517,929743,NA,NA,NA,NA,15.51,NA,NA,NA,NA,NA,NA
2009,1,NA,NA,79.8,124548.624,3.006,11.01,58.52,407429.412,NA,2095.6,35.65,348.75,3.68,855267,NA,NA,NA,NA,14.33,NA,NA,NA,NA,NA,NA
2009,2,NA,NA,84.8,125961.896,3.006,12.12,61.16,414201.121,NA,2103.8,35.77,363.41,4.031,920721,NA,NA,NA,NA,11.36,NA,NA,NA,NA,NA,NA
2009,3,NA,NA,80.1,125544.969,3.071,9.73,62.52,414107.762,NA,2038.9,35.92,300.11,2.441,938933,NA,NA,NA,NA,8.72,NA,NA,NA,NA,NA,NA
2009,4,NA,NA,69.8,126050.62,3.177,8.92,60.6,417130.167,NA,2073,36.04,249.9,0.695,998192,NA,NA,NA,NA,7.5,NA,NA,NA,NA,NA,NA
2009,5,NA,NA,60.2,126309.66,3.309,8.17,60.77,420327.271,NA,2047.1,36,276.49,0.473,1017529,NA,NA,NA,NA,7.55,NA,NA,NA,NA,NA,NA
2009,6,NA,NA,61.3,128843.245,3.211,8.7,61.39,423056.826,NA,2059.3,36.07,327.97,0.257,1019428,NA,NA,NA,NA,7.85,NA,NA,NA,NA,NA,NA
2009,7,NA,NA,67.8,128814.566,3.197,8.04,59.64,425964.134,NA,2272.7,36.1,274.94,-1.221,1034463,NA,NA,NA,NA,7.97,NA,NA,NA,NA,NA,NA
2009,8,NA,NA,63.3,128646.926,3.188,5.76,57.92,429274.503,NA,2210.9,36.13,166.52,-0.47,1076120,NA,NA,NA,NA,8.13,NA,NA,NA,NA,NA,NA
2009,9,NA,NA,47.5,130172.494,3.188,4.73,62.49,433525.773,NA,2074.6,36.16,190.13,-1.569,995191,NA,NA,NA,NA,6.64,NA,NA,NA,NA,NA,NA
2009,10,NA,NA,47.7,135913.042,3.078,4.95,62.71,443053.897,NA,2222.9,36.17,243.66,-0.301,1094295,NA,NA,NA,NA,5.99,NA,NA,NA,NA,NA,NA
2009,11,NA,NA,61.8,152640.191,3.056,4.35,64.92,466359.18,NA,2851.9,36.16,327.76,4.18,1096297,NA,NA,NA,NA,5.33,NA,NA,NA,NA,NA,NA
2009,12,NA,NA,67.6,145298.968,3.119,4.14,60.37,461771.621,280.16,2615.77,36.19,366.26,5.765,1118293,NA,NA,NA,NA,5.59,NA,NA,NA,NA,NA,NA
2010,1,NA,NA,80.91,147621.551,3.2,4.51,64.6,467018.106,304.1,2430.11,36.27,354.04,6.853,1026752,NA,NA,NA,NA,5.74,NA,NA,NA,NA,NA,NA
2010,2,NA,NA,82.41,153080.759,3.277,3.95,68.25,472053.593,339.94,2295.51,36.37,371.24,6.677,1115426,NA,NA,NA,NA,5.99,NA,NA,NA,NA,NA,NA
2010,3,NA,NA,75.6,156826.254,3.24,3.46,67.96,477006.471,290.8,2294.34,36.51,289.22,7.427,1148486,NA,NA,NA,NA,6.08,NA,NA,NA,NA,NA,NA
2010,4,NA,NA,67.98,158476.272,3.26,4.33,66.07,483282.152,303.78,2655.51,36.79,246.81,7.657,1109033,NA,NA,NA,NA,6.11,NA,NA,NA,NA,NA,NA
2010,5,NA,NA,55.32,152442.07,3.266,4.35,65.75,482776.615,280.46,2511.32,36.81,290.76,7.901,1126585,NA,NA,NA,NA,6.08,NA,NA,NA,NA,NA,NA
2010,6,NA,NA,60.56,153395.796,3.195,4.06,65.3,486106.042,337.13,2470.04,36.88,346.67,5.438,1145754,NA,NA,NA,NA,6.02,NA,NA,NA,NA,NA,NA
2010,7,NA,NA,67.39,152227.03,3.165,3.71,65.1,488288.385,314.05,2406.99,36.99,280.38,5.673,1148113,NA,NA,NA,NA,6.18,NA,NA,NA,NA,NA,NA
2010,8,NA,NA,65.8,149279.161,3.392,3.38,63.28,487840.513,294.1,2274.28,37.07,180.38,5.009,1144919,NA,NA,NA,NA,6.22,NA,NA,NA,NA,NA,NA
2010,9,NA,NA,56.8,147162.714,3.505,3.27,67.28,485189.925,306.4,2418.18,37.29,207.33,5.701,1145836,NA,NA,NA,NA,6.04,NA,NA,NA,NA,NA,NA
2010,10,110.680136378877,NA,52.5,148845.371,3.305,3.07,68.03,486924.93,282.06,2656.08,37.3,256.2,6.171,1153219,NA,NA,NA,NA,6.32,NA,NA,NA,NA,NA,NA
2010,11,112.040640369407,NA,65.7,166994.325,3.066,3.03,70.12,512921.325,349.96,3342.7,37.4,331.8,5.374,1176723,NA,NA,NA,NA,6.96,NA,NA,NA,NA,NA,NA
2010,12,113.110951631685,NA,67.7,154134.198,3.294,3.36,63.98,495056.579,299.48,2705.25,37.54,367.56,6.238,1189601,NA,NA,NA,NA,7.31,NA,NA,NA,NA,NA,NA
2011,1,114.258010364884,NA,80.7,156927.619,3.367,3.64,68.36,503693.322,322.13,2635.02,37.72,365.67,6.166,1077595,NA,NA,NA,NA,7.295,NA,NA,NA,NA,NA,NA
2011,2,115.616920603323,NA,85.8,162002.835,3.427,3.93,70.61,513798.155,366.43,2594.85,37.85,394.82,7.292,1178397,NA,NA,NA,NA,7.41,NA,NA,NA,NA,NA,NA
2011,3,121.398462141295,NA,83.5,165862.594,3.515,3.65,68.45,521303.151,351.86,2568.38,37.9,330.7,7.607,1212258,NA,NA,NA,NA,7.68,NA,NA,NA,NA,NA,NA
2011,4,124.264872417459,NA,74.1,164105.556,3.449,3.62,70.84,524921.497,346.45,2599.66,37.96,251.65,8.16,1178755,NA,NA,NA,NA,7.82,NA,NA,NA,NA,NA,NA
2011,5,124.043124049097,NA,58.1,159546.661,3.475,4.14,67.47,523437.756,339.98,2606.55,38.1,290.55,8.03,1197970,NA,NA,NA,NA,8.462,NA,NA,NA,NA,NA,NA
2011,6,123.690767809191,NA,60.4,158875.447,3.602,4.1,66.83,526203.495,369.68,3239.23,38.12,363.04,9.319,1220579,NA,NA,NA,NA,8.482,NA,NA,NA,NA,NA,NA
2011,7,124.402105851647,NA,67.5,157621.048,3.618,4.92,66.86,528904.031,345.46,3032.98,38.13,277.39,9.871,1216389,NA,NA,NA,NA,8.68,NA,NA,NA,NA,NA,NA
2011,8,124.891489159773,NA,68,156488.169,3.499,5.36,65.26,531806.113,316.41,2912.32,38.21,200.04,10.175,1232426,NA,NA,NA,NA,8.802,NA,NA,NA,NA,NA,NA
2011,9,126.237196157768,NA,56.8,155496.798,3.609,5.46,67.16,533249.877,301.94,2668.84,38.37,225.6,9.567,1208846,NA,NA,NA,NA,8.503,NA,NA,NA,NA,NA,NA
2011,10,126.963119471167,NA,57.4,155442.782,3.381,5.14,70.45,535171.513,289.38,3038.99,38.51,273.97,8.864,1223060,NA,NA,NA,NA,8.71,NA,NA,NA,NA,NA,NA
2011,11,126.194174312085,NA,68.3,175405.757,3.204,5.68,71.11,565464.186,359.18,3637.95,38.63,362,8.627,1232680,NA,NA,NA,NA,8.92,NA,NA,NA,NA,NA,NA
2011,12,126.331828736675,NA,71.1,162455.779,3.451,5.8,67.35,556494.498,300.04,3046.82,38.95,390.77,7.76,1242780,NA,NA,NA,NA,8.71,NA,NA,NA,NA,NA,NA
2012,1,126.837476279054,NA,84.8,165603.253,3.476,5.42,69.88,562936.15,366.66,2980.11,39.02,400.49,6.9,1160674,NA,NA,389588.44143454,NA,8.88,NA,NA,NA,NA,NA,NA
2012,2,126.786691555039,NA,87.9,165653.548,3.537,5.11,71.77,569515.902,409.43,3030.98,39.07,424.61,6.001,1242050,NA,NA,387227.63296166,NA,8.82,NA,NA,NA,NA,NA,NA
2012,3,126.325070863019,NA,84.3,174758.378,3.604,5.18,68.86,582675.039,327.99,3125.5,39.08,350.53,4.945,1263326,NA,NA,386048.66107653,NA,8.77,NA,NA,NA,NA,NA,NA
2012,4,126.43860950501,NA,81.6,169953.658,3.59,5.04,72.97,584296.803,341.07,3012.31,39.09,267.04,4.046,1232216,NA,NA,383473.25935017,NA,8.59,NA,NA,NA,NA,NA,NA
2012,5,125.557469791666,NA,60.6,167601.503,3.493,4.98,69.77,588907.387,345.28,3219.16,39.14,321.73,3.541,1281168,NA,NA,380390.75139298,NA,8.81,NA,NA,NA,NA,NA,NA
2012,6,125.94414742371,NA,64.5,169167.203,3.41,4.94,69.92,594326.881,367.18,3127.67,39.15,379.91,2.711,1236530,NA,NA,381936.67141009,NA,8.06,NA,NA,NA,NA,NA,NA
2012,7,126.0069405444,NA,71.9,176385.565,3.42,4.41,69.27,606973.647,370.32,3245.16,39.18,298.58,1.639,1279009,NA,NA,376660.47839359,NA,8.137,NA,NA,NA,NA,NA,NA
2012,8,124.674308307525,NA,64.9,173702.672,3.457,3.89,65.82,606285.931,315.85,3002.4,39.29,213.8,2.163,1260233,NA,NA,377437.90686394,NA,8.16,NA,NA,NA,NA,NA,NA
2012,9,125.278533464186,NA,53.1,172078.354,3.583,3.7,69.35,600454.481,263.52,2994.8,39.53,229.03,2.604,1240431,NA,NA,381305.21104841,NA,7.13,NA,NA,NA,NA,NA,NA
2012,10,125.041432159792,NA,54.7,171731.478,3.452,3.53,72.02,595411.397,313.7,3119.27,40.05,285.9,2.818,1287611,NA,NA,389713.72635022,NA,7.11,NA,NA,NA,NA,NA,NA
2012,11,125.821980057036,NA,66.5,192755.615,3.465,3.48,73.07,617799.019,324.34,3209.81,40.29,361.3,3.372,1273247,NA,NA,398686.41352228,NA,7.18,NA,NA,NA,NA,NA,NA
2012,12,126.182152823576,NA,69.2,183337.241,3.621,3.17,69.63,610261.259,327.75,3017.8,40.71,383.36,3.907,1291137,NA,NA,403313.15963956,NA,7.235,NA,NA,NA,NA,NA,NA
2013,1,129.909114796769,NA,82.8,184980.064,3.562,3.76,70.88,613898.436,366.99,3035.17,40.85,381.17,4.758,1241113,NA,NA,402757.81215297,NA,7.28,NA,NA,12.4562126745705,14.4190255513572,NA,NA
2013,2,131.762850538754,NA,86.9,190653.661,3.509,3.76,72.37,619473.887,421.95,3500.47,41.1,444.07,4.733,1284535,NA,NA,405560.94893913,NA,6.12,NA,NA,14.651629128047,13.428755258136,NA,NA
2013,3,131.998599302132,NA,84.1,185487.432,3.196,3.91,73.74,625895.852,290.74,4099.64,41.15,345.75,4.974,1316873,NA,NA,408071.70609384,NA,5.95,NA,NA,16.0976303698311,13.7043320460181,NA,NA
2013,4,131.663382103423,NA,79,189517.635,3.274,3.53,75.35,634485.22,314.88,4067.39,41.18,283.73,4.9,1304070,NA,NA,408772.69846364,NA,5.7,NA,NA,18.7392234199194,15.13115670164,NA,NA
2013,5,132.051964252487,NA,59,195031.297,3.408,3.84,71.32,642963.124,328.73,3841.44,41.6,337.44,4.987,1345058,NA,NA,416910.51712393,NA,5.94,NA,NA,19.5793457048309,16.7938434006966,NA,NA
2013,6,132.039218344878,NA,64.25,197510.397,3.633,3.77,72.82,644526.266,418.64,3453.8,42.01,396.94,4.801,1333316,NA,NA,425003.41225933,NA,5.1,NA,NA,20.4437808943138,17.9710868283544,NA,NA
2013,7,131.832004872658,NA,72.8,195762.616,3.944,3.79,73.72,646439.105,394.03,3392.64,42.49,320.51,5.668,1349327,NA,NA,428707.87676897,NA,5.24,NA,NA,19.7030947893702,18.5253553116787,NA,NA
2013,8,132.441487742817,NA,68.2,189447.358,3.842,4.06,71.65,635730.329,262.32,3343.8,42.71,211.4,5.301,1336030,NA,NA,435148.20229273,4.3569,5.1,NA,NA,17.7292567985593,17.9463216349463,NA,NA
2013,9,132.53344418215,NA,53.9,186215.964,3.5,3.86,77.41,633344.856,364.19,3648.23,42.52,243.37,5.131,1335886,NA,NA,442074.66175144,4.081,6.37,NA,NA,16.4035281426738,18.0542935416593,NA,NA
2013,10,132.218697844579,NA,58.8,190077.284,3.574,3.94,75.87,640023.907,335.47,3542,42.53,315.17,4.739,1366703,NA,NA,445326.42861662,3.8159,6.74,NA,NA,15.5259339209358,17.5321053785821,NA,NA
2013,11,132.71973764535,NA,72.7,222959.944,3.495,3.92,76.77,683968.097,436.61,4386.5,42.7,401.84,4.143,1338335,NA,NA,452983.58617821,3.644,6.78,NA,NA,14.3093772247991,16.4662099270266,NA,NA
2013,12,133.170708244916,NA,77.8,208865.321,3.734,3.69,75.67,670538.988,323.27,3753.83,42.97,410.48,3.876,1376966,NA,NA,456939.69470413,3.6735,6.51,NA,NA,13.9070216624393,15.0271299003358,NA,NA
2014,1,133.525082351216,NA,87,212973.702,4.02,3.67,74.13,679508.205,388.97,3449.55,43.18,404.56,2.822,1324202,NA,NA,452251.21946383,3.6062,6.46,NA,NA,8.46106757891986,2.95561868525777,NA,NA
2014,2,135.774552431659,NA,90.6,213955.94,3.994,3.5,78.19,688233.643,459.76,3584.87,43.22,452.28,2.84,1363785,NA,NA,456191.13976038,3.5809,6.36,NA,NA,4.22078575992475,3.35889588752031,NA,NA
2014,3,135.09834984473,NA,87.8,217589.948,3.925,3.25,78.31,696570.407,389.13,5161.98,43.2,394.15,2.987,1406908,NA,NA,463727.32056828,3.4213,6.41,NA,NA,4.75258866193974,5.03660184662556,NA,NA
2014,4,135.004335523514,NA,80.7,211475.252,3.858,3.16,80.83,700616.563,414.93,4598.06,43.28,335.96,3.488,1414140,NA,NA,468597.71904695,3.4954,6.415,NA,NA,3.81811721668906,6.1583270866848,NA,NA
2014,5,137.269611630706,NA,67.5,220468.253,3.688,3.19,77.11,719864.354,374.68,4666.59,43.48,379.99,3.696,1417833,NA,NA,476247.24592775,3.2878,6.347,NA,NA,4.54072959709764,5.58975549278341,NA,NA
2014,6,136.271920026011,NA,69.6,217184.057,3.709,3.13,77.55,711236.435,418.46,4538.07,43.57,433.98,3.677,1429452,NA,NA,483765.80842575,3.4035,6.594,NA,NA,3.02587819943881,4.53211527316196,NA,NA
2014,7,137.23067141611,NA,75.4,220073.798,3.837,3.34,77.43,714016.706,430.72,4249.5,43.6,363.65,3.41,1449141,NA,NA,489669.03631191,3.2989,6.555,NA,NA,2.88423574820773,3.7138129993779,NA,NA
2014,8,137.163323925977,NA,70.2,220593.775,3.963,3.19,77.7,713412.835,288.5,4023.35,43.77,239.52,3.128,1420010,NA,NA,500536.23930834,3.377,6.313,NA,NA,4.51844601940034,3.93110518617915,NA,NA
2014,9,137.267538098599,NA,55,218230.36,3.72,3.54,81.94,715463.807,380.25,4214.4,43.91,276.43,2.828,1451258,NA,NA,510210.72698847,3.4474,6.342,NA,NA,5.75620047609948,3.85226367033004,NA,NA
2014,10,136.32442548529,NA,62.1,221136.542,3.635,3.31,80.56,723083.865,356.91,4208.1,44.15,344.17,2.884,1472311,NA,NA,517252.455529,3.4035,6.533,NA,NA,5.43189800936581,4.15549406950459,NA,NA
2014,11,136.652247975775,NA,74,243610.061,3.311,3.74,84.79,753957.921,345.73,4650.45,44.26,429.49,2.675,1444579,NA,NA,525275.25791766,3.4111,6.611,NA,NA,5.20578126215399,4.48592604081788,NA,NA
2014,12,135.896298444543,NA,77.8,236870.596,3.641,3.97,81.04,741483.241,338.76,4369.75,44.61,435.85,1.582,1508392,NA,NA,526698.04033424,3.198,6.491,4.82,11.13,4.50898412876199,4.88263048938764,NA,NA
2015,1,136.198558193548,NA,86.1,233889.721,3.673,3.8,79.49,745852.708,399.18,4575.73,44.88,430.82,1.158,1423196,NA,NA,524550.94045957,3.2053,6.31,4.17,10.74,2.45712576697594,9.75778218412265,8505781062.21,NA
2015,2,135.772864919213,NA,90.4,241474.816,3.666,3.71,83.63,764914.26,462.14,4797.78,44.75,476.52,1.017,1490792,NA,NA,523795.80653499,3.0902,6.567,3.95,10.44,4.26253304350535,9.66097851102262,7078926801.1,NA
2015,3,136.052992878041,NA,83.5,244866.08,3.74,3.71,85.14,770038.821,402.54,4623.84,44.8,410.93,0.638,1539313,NA,NA,523355.61725012,3.079,6.495,NA,NA,5.15820406363421,8.61897593820018,6907694506.54,NA
2015,4,136.13257576115,NA,79.6,244933.831,3.59,3.51,86.36,779744.447,439.58,4925.96,44.87,357.96,-0.042,1513581,NA,NA,527127.8335287,2.965,6.246,4.37,10.03,5.77586837508358,7.93402964017978,7204302599.76,NA
2015,5,135.844610672919,NA,69.5,246396.367,3.614,3.56,82.01,785377.14,430.16,4923.98,44.91,408.43,0.229,1530988,NA,NA,535176.60054762,3.0628,5.66,4.51,9.96,6.32222244026789,8.59499319635549,6792060967.59,NA
2015,6,135.773367053467,NA,72.3,246623.141,3.764,3.53,84.8,785139.184,452.07,4736.41,45.06,477.6,0.618,1553760,NA,NA,546914.98459772,3.3643,5.442,4.91,10.13,7.28671496963752,9.63289306161461,6831048344.98,NA
2015,7,135.186926999582,NA,79.3,248298.628,3.723,4.01,83.43,794487.382,446.85,4884,45.14,396.09,0.498,1571146,NA,NA,552789.17199391,3.406,5.22,4.38,10.18,7.44270886647727,10.8604765757499,6898783470.75,NA
2015,8,135.45947761303,NA,72.65,248933.875,3.885,4.02,82.63,791672.938,362.77,4720.23,45.23,280.54,0.428,1520245,NA,NA,558936.03961312,3.3175,5.798,4.46,10.16,6.45837886594688,11.0687130539398,7239068179.72,NA
2015,9,135.428508535534,NA,58.7,244496.469,3.916,4.17,86.69,789958.738,395.68,4621.31,45.33,317.48,0.394,1562475,NA,NA,566259.27992052,3.5448,5.7,4.49,10.07,5.84632329283001,11.2895132415322,6901312743.84,NA
2015,10,135.639930416763,NA,62.8,254778.153,3.753,3.94,87.04,804833.127,344.12,4875.83,45.43,370.58,1.225,1578120,NA,NA,577968.4571364,3.3847,5.582,NA,NA,6.01062146614121,11.5934828998682,6432572907.68,NA
2015,11,135.291515734918,NA,73.6,273318.148,3.555,4.3,87.93,841639.105,486.89,5195.05,45.53,470.14,1.538,1569766,NA,NA,586108.20359748,3.6058,5.801,4.47,10.47,6.19162864556844,14.2075329188192,6789602219.43,NA
2015,12,135.448863626766,NA,77.6,262235.665,3.485,4.77,83.25,827262.235,384.19,5637.94,45.62,465.23,2.344,1617107,NA,NA,587752.04041034,3.654,5.992,3.64,10.24,7.375294440855,15.3127221743413,7084248800.05,84665402603.65
2016,1,138.712587333833,15413088,88.3,263640.042,3.696,5.14,85.61,838464.785,466.01,5065.01,45.76,463.12,2.527,1501053,NA,NA,585326.33265482,3.4658,6.6,4.78,10.56,8.62754860983516,21.1800269410221,8650296484.73,84809918026.17
2016,2,139.244105103914,15374299,88.8,271256.214,3.627,4.44,89.47,858578.612,439.14,5134.07,45.81,498.74,1.743,1605919,NA,NA,588041.65016837,3.4121,5.78,4.91,10.7,11.0528722981826,20.5645415126582,7249963971.11,84980955196.18
2016,3,137.238024441565,19867733.28,82.9,279717.528,3.743,4.2,93.64,871085.573,454.34,5015.42,45.85,423.88,1.589,1671280,NA,NA,590642.54160294,3.3913,5.79,3.69,10.34,10.1522534533168,19.6790345790194,7552514151.08,85625774840.72
2016,4,135.361502107598,16119241,79.1,286897.952,3.736,4.27,91.66,885320.433,399.58,5011.07,45.9,374.74,1.754,1646516,NA,NA,599032.19233163,3.539,6.65,4.82,10.54,9.14149776158488,18.7616803705386,7821956445.53,86243428686.49
2016,5,136.4555498066,15818618,71.4,NA,NA,NA,NA,NA,NA,NA,NA,NA,1.715,1679894,NA,NA,604898.85263718,3.559,5.714,NA,NA,8.1896498584805,18.2783560828943,7610750065.35,87062117784.25
2016,6,135.146868351389,15158478,74.5,286504.043,3.71,4.32,89.46,889748.398,446.86,5301.02,45.95,440.23,1.91,1643218,NA,NA,612290.5033026,3.1996,5.52,5.12,10.64,8.38421693821298,18.0160886137343,7763494296.94,87994563736.21
2016,7,134.822462952533,15131124,82.7,284644.091,3.58,3.92,89.29,881023.915,477.21,5333.6,45.99,524.86,1.855,1668107,NA,NA,619362.15172036,3.1172,5.3,5.29,10.59,8.46696632328642,17.2633377595303,7496562756.16,88592343021.62
2016,8,134.706199386864,20564418,77.3,285570.632,3.668,3.56,90.16,894944.125,485.61,5131.33,46.01,428.36,1.472,1683902,NA,NA,631678.86786637,3.1819,5.46,5.06,10.52,7.59520300378578,17.3411079051318,7807305729.04,89160580570.94
2016,9,135.346477958835,15135410,68.7,282580.886,3.894,3.56,89.09,886621.936,355.07,4938.56,46.17,307.27,1.353,1684907,NA,NA,639185.31515826,3.1401,5.54,5.01,10.55,6.85744477177604,16.9003608926011,7530658667.64,89789926494.74
2016,10,135.885392389741,14420357.46,69.1,283684.727,3.541,3.63,91.27,888379.959,433.73,5450.25,46.44,339.14,0.912,1685991,NA,NA,647812.05407746,3.3037,6.97,3.63,10.6,5.80128918636526,15.6462644157275,7070481006.11,90427834593.17
2016,11,136.325126632419,17888284,76.2,287565.298,3.507,3.98,91.14,895101.757,415.08,5709.33,46.59,380.48,0.877,1695262,NA,NA,657687.37359595,3.1624,6.53,4.1,10.63,5.62074116345816,12.6207460742596,7053824901.65,90692057275.39
2016,12,137.028213261902,16233665,76.5,303309.359,3.4,4.05,94.04,925830.445,504.03,6046.7,46.67,488.07,1.695,1725802,NA,NA,660570.74380254,3.2578,6.769,3.86,10.62,4.49751829890923,11.1472366949899,7793174025.36,91400982500.7
2017,1,135.292646872479,17547470,84.9,291314.451,3.557,3.77,87.75,910840.171,440.93,6707.05,46.78,485.74,2.332,1624220,NA,NA,657209.4162992,3.299,6.24,4.46,10.7,2.73925149630549,5.07467026056607,9392122464.86,92142808480.83
2017,2,136.191270647015,14737760,88.4,285513.169,3.48,3.55,89.76,913777.184,454.35,6299.1,47.13,485.46,3.344,1682495,NA,NA,659161.23315516,3.2949,6.62,4.16,10.78,0.919178998855642,4.4943519498527,7320457155.55,92213301665.27
2017,3,137.07,14279791,84.6,284157.791,3.407,3.34,95.1,919067.622,559.64,6456.39,47.32,524.05,3.144,1727425,NA,NA,655390.55338732,3.4156,6.8,4.02,10.82,2.37760648882,4.23041054937206,7253667864.75,91914455378.94
2017,4,137.61779762952,13456963,83.5,289674.062,3.481,3.26,94.01,927924.272,465.15,6316.52,47.4,495.2,3.513,1716399,NA,NA,659152.67416047,3.3379,6.89,3.9,10.79,3.39361331514375,3.88581152660874,7904849470.19,91997348403.6
2017,5,138.640749504707,17995706,75.4,290535.349,3.627,3.21,95.3,929746.526,514.04,6087.23,47.44,411.19,3.106,1793446,NA,NA,671581.48985747,3.4813,6.01,4.76,10.77,3.1790271842059,3.96693618961142,7315801411.2,91702399749.45
2017,6,138.084709553977,14329385,77,286625.712,3.697,3.2,91.33,933948.806,474.43,6512.79,47.5,468.68,2.551,1774273,NA,NA,678006.93817553,3.4742,6.16,4.68,10.84,2.22493640625329,3.87741499442524,7652821515.12,91591726967.63
2017,7,138.701433934639,15174755,82.7,289579.535,3.44,3.13,91.97,937842.068,512.56,6248.75,47.54,546.02,2.538,1779808,NA,NA,683084.93998636,3.6134,6.3,4.47,10.77,0.94162205708441,4.09982987942583,7600999484.39,91696163695.86
2017,8,139.336110854798,18063168,76.7,300368.034,3.407,2.98,94.92,949458.73,525.96,6279.13,47.58,445.44,3.182,1786508,NA,NA,693836.45950343,4.5066,5.84,4.63,10.47,2.3886649138327,4.03679161257738,7928890633.2,91817748600.02
2017,9,139.976838223625,13177483,55.3,302319.932,3.42,2.87,88.7,953583.117,468.26,6169.14,47.72,258.59,3.799,1775018,NA,NA,700187.96551292,4.5381,6.57,3.93,10.5,2.42335010599523,4.06839432663424,7934479911.03,92221569843.41
2017,10,141.889439426045,14094390,65.7,306955.416,3.62,2.8,95.04,959686.539,474.03,5821.83,47.83,337.47,3.484,1807106,NA,NA,710046.52225536,4.6271,6.422,3.65,10.08,3.8140824682939,5.11993106258379,6746360594.92,91897449432.22
2017,11,141.953970024884,17359474,73.7,319279.714,3.458,2.84,96.78,976467.65,458.52,6344.51,47.97,392.97,4.136,1804014,NA,NA,723811.04069423,4.6097,5.958,2.75,8.71,5.59331302859887,5.89492294752675,7630400390.11,92474024920.68
2017,12,144.439826120692,15758982,76.7,340250.493,3.323,2.78,99.83,1021467.488,563.9,6780.4,48.2,503.22,4.204,1837104,NA,NA,734541.46019925,3.9632,5.786,3.41,9.2,5.91130123438354,6.65869637645081,8728066998.24,93408917893.56
2018,1,144.893919576671,13413435,84.1,335547.63,3.466,2.57,95.12,1002651.769,494.42,6803.98,48.42,501.36,3.863,1777342,74748317870.57,169580270837.24,736964.58964166,3.935,6.35,2.87,9.22,19.1757140366314,14.032713211162,10810304997.14,94827100425.84
2018,2,146.533894426578,14156000,88.5,331419.165,3.535,2.75,94.69,998166.638,455.88,8050.15,48.84,501.11,3.316,1807468,22785319890.16,178219659782.222,736333.27581811,4.0645,5.25,3.73,8.98,17.8089745828981,14.6140969656991,8324877330.47,95831520600.76
2018,3,147.769840560984,16933071,84.5,342207.192,3.712,2.81,101.07,1011447.302,600.62,7576.8,49.2,589.24,3.911,1860698,24618816359.85,181305488504.739,741037.21266763,4.0424,5.523,4.2,9.72,15.3302944132468,15.1450647581308,8178328085.3,96756180821.31
2018,4,148.952657791047,14319048,83.9,338785.285,3.768,2.89,98.78,1019911.323,537.83,7202.18,49.38,489.49,4.046,1830789,23424201818.88,185082616688.867,749576.77381127,4.0152,5.301,4.24,9.54,14.7540551098675,15.7514562403671,9442208706.31,98293540057.43
2018,5,149.55,13270702,75.9,338582.332,3.835,3.19,100.54,1020770.018,569.32,6911.19,49.4,436.06,4.47,1890857,27780348889.75,178763505263.26,760654.57436663,4.1022,5.309,4.33,9.64,15.0130632597635,15.4661190921454,8748638325.31,99726376971.54
2018,6,151.89367918254,18720851,77.4,345625.611,4,3.41,99.46,1037136.095,557.75,6597.96,49.42,498,4.629,1813834,24888842908.38,188184526248.325,767914.99140561,4.6128,5.434,4.4,9.84,15.3192152971246,15.2254449969404,8554656603.74,100628212060.16
2018,7,152.44,13894740,83.3,341442.757,4.165,3.23,100.46,1021721.254,583.16,7391.04,49.58,561.14,4.428,1894599,27420345759.2,190067177382.984,773946.70071109,4.7454,5.417,4.61,10.03,16.4265366721737,15.0976823846704,9108103374.6,102135315950.37
2018,8,154.001235010696,14046229,74.6,339467.42,3.958,3.31,100.7,1019099.227,551.48,7430.68,49.73,451.23,3.867,1888021,27667431991.17,192079401422.735,783273.65048476,4.6163,5.593,4.86,10.45,14.9632543902638,14.5097027900996,8857034659.97,103063459977.14
2018,9,154.511232066991,16684169,60.1,333008.718,3.927,3.24,97.27,1014120.181,515.98,7328.62,49.82,300.92,3.287,1857705,23948170416.64,193793592772.561,789950.99651301,4.7473,5.891,4.74,10.63,14.5408998306369,13.9161429500834,8857027218.34,103986007284.45
2018,10,154.61,12109429,66.4,330117.326,3.941,3.19,100.58,1014346.448,525.56,6984.48,49.98,350.82,3.517,1922130,28772184755.76,196104425182.37,798410.29272191,4.6357,6.152,4.52,10.67,13.4389091553183,13.1703777677714,7996449066.91,105236095756.44
2018,11,155.430976935147,13055051,74.3,334241.464,3.898,3.41,103.51,1023626.955,498.14,6687.32,50.14,416.95,2.372,1902380,29192957052.12,199796839657.385,810574.76601327,4.8255,6.214,4.38,10.59,11.8298466228827,12.5020831576419,8380803586.46,105986498952.79
2018,12,156.981178116447,18094554,77.5,362716.963,3.621,3.63,107.84,1067677.923,603.93,7627.11,50.21,522.25,1.171,1935968,28677022662.55,200844521163.897,812222.91567029,3.16,5.926,4.76,10.69,12.5984457395692,11.7179962183191,9397801023.26,106656232977.81
2019,1,156.486199020162,18284122,82.7,352691.84,3.763,3.43,102.1,1051117.763,537.03,7046.5,50.38,522.63,0.708,1872444,26435162078.17,184043773591.058,811830.19286577,2.9463,6.268,4.19,10.46,-1.42452511055501,2.2390819049911,11905298171.92,107751226152.59
2019,2,156.668621361707,13937806,89.1,350876.808,3.766,3.23,100.61,1050038.893,540.68,7133.87,50.49,535.32,1.192,1914717,25502908959.18,202746955845.984,816261.78320213,2.9925,6.361,3.71,10.07,0.326403065284584,2.52771714845409,9126361358.8,108552710180.92
2019,3,156.739036204086,13734831,84.3,358614.526,3.772,3.14,106.13,1071917.122,665.49,7353.55,50.54,595.6,1.475,1969696,26288569976.47,194519631591.29,822976.18181699,2.7948,6.647,3.39,10.04,1.21647852817674,3.05247085603497,9508953175.49,109883335271.11
2019,4,156.604328451565,13298923,79.8,362800.035,3.697,3.06,102.79,1084645.28,585.2,7275.4,50.55,504.32,1.608,1962253,27821109272.66,206193030434.981,821239.41613541,2.7896,6.81,2.88,9.69,1.9445670612924,3.87942705443402,10543534543.45,110984661108.25
2019,5,157.312176543422,16202831,70.4,365470.018,4.135,3.26,107.43,1086873.753,541.95,6980.51,50.56,446.34,1.311,1931882,29517710096.24,209466287427.024,828590.48045563,2.6962,6.271,3.37,9.64,2.28719062285388,4.7404384874581,10067932099.77,112303954882.71
2019,6,157.828166591514,13008672,71.5,375627.264,4.045,3.27,101.05,1092769.186,587.01,8711.56,50.73,485.43,0.916,1885197,25545807222.31,212062550123.59,845209.56823926,2.6782,6.182,3.36,9.54,3.00925988011953,5.18485639459842,9902427028.34,113651725307.31
2019,7,158.53974499607,14665865,69.7,378471.218,3.873,3.24,104.42,1093316.958,640.3,8214.96,50.92,470.56,1.401,1939817,30698217111.57,206237040845.299,853061.52292745,2.7767,6.201,3.23,9.43,4.50766759896314,5.6097457780102,10004213117.78,114547835050.49
2019,8,158.798827551981,16025001,65.5,377874.598,3.887,3.55,105.33,1092285.538,628.4,7899.72,51.18,396.25,1.716,1917355,28993600221.17,217545890519.737,860523.82112149,2.8926,6.356,3.06,9.41,5.57494001875918,6.32377451051886,9843174241.77,115533974632.29
2019,9,159.303969110577,14232583,54,379766.115,3.974,3.36,102.73,1096222.233,566.86,7587.8,51.66,250.85,2.022,1924512,27254208726.26,210734922607.576,869576.37165767,2.8961,5.555,4.14,9.7,6.05656837400534,7.23316582861658,9974988816.4,116651936230.35
2019,10,159.586871256079,15898679,55.1,377401.488,4.08,3.47,105.6,1091793.467,580.33,7491.58,52.75,294.33,2.477,1959668,31057838664.96,224566093421.731,884497.05738914,2.8592,5.577,4.4,9.98,7.06540344586875,7.95052752159348,9389108120.99,118044595284.43
2019,11,159.792726084571,12002203,68.4,387827.092,3.907,3.42,107.92,1104390.673,557.12,7145.62,52.87,382.8,3.225,1910515,28917365583.37,217410560848.63,899289.09821457,2.889,5.577,4.38,9.96,7.53636166950114,8.5580073136055,9417907190.2,119081698888.17
2019,12,160.178565997981,17227146,68.3,437935.179,3.333,3.33,112.61,1178658.123,656.68,8781.4,52.91,473.18,3.656,1924919,34375582048.1,200836212183.733,907613.28196562,2.8512,5.621,4.31,9.93,7.61523344021264,9.19119099481347,10898067614.5,120581965479.41
2020,1,160.836605703743,12175992,75.2,414109.697,3.551,3.31,106.73,1148845.086,586.85,10408.34,53.11,474.15,4.172,1861696,27851453714.96,208634491271.049,909476.23137867,2.9481,5.77,4.13,9.9,14.3856374918651,16.3050156240019,13444844026.25,122121511333.74
2020,2,160.608345486749,13446605,79.5,411540.321,3.855,3.53,105.74,1147542.166,596.22,9863.56,53.37,488.23,3.657,1903195,26218702051.96,230255879707.297,911655.81646749,2.886,5.736,4.27,10.01,17.3668895536196,16.2106837495202,10310676961.78,123305826936.72
2020,3,161.419829828433,11292873,49.6,425943.174,3.54,6.26,93.25,1166725.072,520.14,9324.4,53.74,226.56,2.447,1962593,25638019402.26,220217594437.908,914073.22368244,3.0775,5.691,4.49,10.18,16.0368084313525,14.4093072407201,6503713634.7,120300587395.93
2020,4,161.469958305139,6648007,0,452717.527,3.631,7.05,73.94,1197583.296,395,8613.7,54.2,0.1,1.073,1569809,15455041400.2,216502124459.073,930560.26068892,4.1074,6.875,3.3,10.17,12.2831746919041,12.678875918493,5021496001.15,114778548853.63
2020,5,163.047454608524,9350626,0,463433.993,3.783,6.13,88.61,1219305.927,638.73,8008.89,55.39,0.07,0.989,1460091,17881684549.21,206399681764.06,947525.09971676,5.0967,5.73,4.09,9.82,7.68933163475555,10.883156739553,7901738808.32,112612355562.18
2020,6,167.285394554581,10603412,0,479268.377,3.669,5.42,94.5,1246988.615,737.91,7142.49,57.94,0.36,2.897,1397937,26921817268.94,211615342016.221,967091.10685922,5.1704,6.332,3.64,9.97,1.3540074202528,5.68606350735254,9993719495.31,112703648029.15
2020,7,170.048240019098,13404867.64,17.7,480137.112,3.667,5.15,94.71,1247431.849,827.71,6689.18,58.35,54.1,4.348,1597113,24395221061.4,225985488396.797,952406.99525612,5.1316,6.04,4.46,10.5,-0.0251547003464993,5.88338949673757,9354696334.8,112054131246.17
2020,8,171.279084287397,11720746.12,20.6,496536.439,3.605,4.78,96.07,1279369.164,769.93,7018.56,58.48,50.07,4.803,1624478,25803015092.43,231993600595.805,953202.08643133,5.0179,5.213,4.6,9.81,0.101988624119356,5.581122288915,10612507443.49,112823464447.89
2020,9,174.845940505583,10833405.38,29.7,497937.195,3.34,4.73,96.91,1284264.536,777.35,10551.95,58.47,46.88,5.033,1653032,27111056695.53,210546486354.03,962271.51679865,4.9875,4.502,4.85,9.35,2.49036389798837,5.15885415887661,9243333249.3,112091808880.79
2020,10,176.094545681957,14174917.59,32.5,508543.732,3.332,4.6,98.5,1298587.171,789.59,9873.73,58.49,70.9,5.025,1674668,26927728864.62,202582557791.332,967415.38510512,5.2183,3.932,5.29,9.22,2.4395659058743,4.6383718667826,9724068087.45,112426768847.25
2020,11,176.136255821918,11792169.37,30.2,508323.621,3.204,3.98,101.68,1296231.676,707.51,9903.82,58.45,101.83,5.259,1658616,29492687324.61,222518537497.138,975717.09234321,5.1865,4.259,4.47,8.73,2.19141099778667,4.14047719794009,10549089330.12,113557950987.17
2020,12,176.782243997646,14259924.68,29.6,564296.975,3.012,3.53,108.28,1367407.012,872.31,10751.62,58.32,185.93,5.554,1747440,30499549912.74,218453494684.214,985047.58662381,5.0563,4.389,3.98,8.37,0.587677948434769,3.59695219359484,9658577986.07,112318461358.74
2021,1,178.736777337896,12417453.95,35.8,552182.037,3.064,3.47,106.67,1356194.914,792.84,12522.99,58.31,130.09,6.227,1652224,23027433853.21,205258319447.648,982317.73055007,4.9267,4.376,3.77,8.15,23.9788302238852,-3.28493612915376,12111718136.62,110985335469.11
2021,2,179.121890122189,11363772.44,32.3,547808.795,3.183,3.44,107.31,1360038.565,760.96,11963.16,58.1,126.69,7.088,1756519,25417525063.18,218360303294.473,992490.0660396,5.0818,4.369,3.73,8.1,23.3231785103642,-4.27580401787366,9274161486.36,109948819993.69
2021,3,184.680568939894,16028472.56,36.4,568373.218,3.084,3.49,107.32,1399094.624,994.89,12174.18,57.45,208.63,8.297,1803984,30567652026.27,208986237852.636,1011360.29253553,7.3197,4.134,4.06,8.19,18.723185245796,-3.15582989708807,9410409257.69,112855515616.68
2021,4,187.027518701581,13790591.81,41.3,568194.523,2.95,3.35,105.43,1409989.243,910.81,12245.92,57.1,225.82,9.645,1740784,27873610883.67,223500431714.906,1016377.91058583,7.1567,4.25,3.9,8.15,18.0883975993723,-2.09154279887099,11287809610.47,119121829226
2021,5,189.83,14199540,44.1,585314.5,2.879,3.29,112.41,1432694.636,933.75,12417.54,57.04,273.37,10.481,1803412,30653023199.09,225684791685.807,1025473.31103237,6.7038,4.192,3.97,8.16,20.105644348702,-1.09857566727243,11011244368.75,122231334786.43
2021,6,197.45230449501,14324496.31,49.7,588263.535,2.851,3.38,108.07,1459148.233,869.82,12611.56,57.13,333.05,9.319,1831156,28611518440.8,216758878543.094,1049660.08546867,6.8641,4.45,NA,NA,29.3238007821975,3.76215613891237,11301515293.29,123539130584.41
2021,7,200.081172991575,17692610.37,53.6,594496.96,2.854,3.6,106.64,1458137.552,896.57,12143.78,57.2,412.19,7.876,1866512,31234994238.25,226391251258.721,1044209.88058423,6.6173,4.37,3.22,7.59,28.9089646414343,3.41030898401969,11912621713.54,126097055963.15
2021,8,197.510003467528,15548297.66,60.9,597459.573,2.823,3.63,108.73,1475922.841,872.05,13060.29,57.19,358.06,7.897,1872658,32655054999.65,230549226302.083,1045738.39233221,6.1789,4.299,2.4,6.7,28.9894851844867,3.34893249336474,11634277805.43,127118826325.09
2021,9,196.171364710773,19082938.58,51.6,602665.174,2.774,3.52,109.73,1491295.981,829.62,12932.3,56.76,277.5,7.738,1879053,32871099167.31,222942507839.875,1056069.47343124,5.6918,4.095,1.54,5.64,28.0648979298718,3.65253138696492,11841872559.06,129717365634.85
2021,10,200.223430250607,14801264.81,61.1,605990.009,2.787,3.58,111.82,1474395.959,813.79,12504.83,56.51,349.38,7.715,1913789,32212986605.27,236378010081.059,1066647.28082687,5.2423,4.096,1.67,5.76,27.3681174878697,3.78789814420376,11928425592.42,131921723139.82
2021,11,200.086795487418,15055104.9,69.1,624961.861,2.817,3.72,117.18,1505076.249,786.58,12199.58,56.72,424.44,8.233,1939371,38289721715.7,242289367194.606,1082432.74376114,5.1139,4.289,1.26,5.55,27.9526793612376,4.07949604601692,11673038987.49,133045672797.19
2021,12,203.661848159675,19333455.96,75.8,681511.444,2.592,3.72,120.01,1576496.889,940.79,13033.92,57.16,536,8.496,1972032,38063481262.54,246072808083.598,1089161.8976342,5.1842,3.97,2.31,6.28,28.4128444582847,4.27054253540085,12789434452.84,136176529263.96
2022,1,206.509250449059,15196488.47,70.5,672163.947,2.854,3.67,115.32,1554932.273,759.27,12373.98,57.83,436.68,8.726,1864996,32684043703.45,241489400629.242,1105118.29291448,5.0873,4.955,1.39,6.35,2.6338082001384,13.8040886032481,15662491583.93,139727302711.27
2022,2,206.248516322107,14736730.85,76.6,651141.106,2.895,3.94,118.42,1541063.83,748.81,14849.76,56.78,474.41,8.984,1956958,32826977553.39,244993083370.194,1120577.0719414,4.8493,6.07,1.91,7.98,-11.8345134305767,14.4370353118279,11723658030.24,142176799255.15
2022,3,207.599603797612,19188931.01,71.7,662501.916,2.895,4.46,115.07,1536921.509,888.13,14595.96,55.12,519.2,9.055,2031036,37079348522.11,248936163587.701,1138360.19770008,3.5515,6.917,0.68,7.6,-6.06478022761701,14.6298323527941,11686560214.15,144452950211.61
2022,4,207.223549796995,15184328.12,73.5,671529.692,2.854,3.96,111.13,1552785.65,809.85,14410.35,55.2,513.2,9.643,1977626,34793850104.91,251236428351.945,1147282.43492536,2.9867,7.213,0.83,8.04,-2.52961931118207,14.7483884949184,13848836511.61,147013977112.75
2022,5,221.22,15533904.11,67.6,656931.894,3.066,4.4,118.93,1537086.375,851.17,14248.94,55.32,453.37,9.473,2038706,40303072361.44,256377313469.071,1162428.56477521,2.4715,6.63,1.77,8.4,2.93906048734964,14.7512603721402,12830478609.17,148833211353.17
2022,6,224.020940517242,18955214.23,70.2,673994.811,3.023,4.56,116.35,1533270.955,803.84,14455.38,55,514.21,9.478,2018402,37233516798.45,260224348702.966,1183975.47629723,2.3705,7.807,0.96,8.77,1.88930753741021,14.1655546323734,13337852723.13,150869548783.01
2022,7,227.625734663118,15506105.76,77.4,673369.66,2.981,5.08,111.25,1545746.027,808.61,14170.97,54.72,591.08,9.435,2054737,37976991576.39,263508131440.638,1186347.86084334,2.1439,9.61,-0.45,9.16,3.09585622741969,13.7515419709739,12961796939.94,151918724009.41
2022,8,226.680175464223,15838066.09,76.4,670882.993,3.094,4.27,114.76,1548442.07,849.17,14019.47,53.88,502.28,8.796,2077092,42614548058.77,267738034663.15,1195277.06015649,2.076,8.814,1.04,9.85,3.25582259292367,13.9968768639255,13257421262.64,153541867466.62
2022,9,222.01707646282,18451040.35,60.3,664217.264,3,4.39,113.63,1559907.834,790.6,13806.19,53.52,341.72,8.626,2044732,39598269250.21,262561303119.358,1208293.96675401,2.055,8.626,1.39,10.02,2.19816362243879,12.7177135483076,13104151399.49,154804146307.05
2022,10,223.801005655034,14874010.94,66.1,666766.5,3.103,4.6,114.08,1564423.241,815.87,13545.29,54.05,400.37,8.235,1985841,41946700023.91,276083951916.057,1217200.92924677,2.0697,8.589,1.55,10.14,5.12114649501956,12.9453196616629,12059522441.45,154935243156.08
2022,11,223.309546787524,14476987.09,74,678815.831,3.209,3.87,118.79,1589896.551,787,13084.44,54.6,476.71,7.577,1996282,45396961272.54,283032525025.219,1234449.88284674,2.0148,9.676,0.41,10.09,5.63313995384319,12.8458720900154,13623873056.57,156886077225.16
2022,12,223.090079082362,19050779.01,73.8,751225.595,3.089,3.72,122.81,1686768.528,944.19,14436.53,55.66,582.13,7.827,2020997,45783941813.73,289413766322.143,1238085.84687832,1.9265,10.948,0.22,11.17,7.77158089936789,12.8994344204913,15110274518.22,159206917290.54
2023,1,224.331675034866,14632294.33,78.9,742247.309,3.075,3.66,117.29,1685070,802.02,14597.13,56.71,568.54,7.243,2020338,41843471691.48,291747459051.354,1244267.53553199,1.8932,11.069,1.16,12.23,18.3028725375313,11.5026456529038,18119697414.16,161664123120.77
2023,2,222.888485704726,14182184.68,82,719313.109,3.324,3.35,120.54,1651217.415,764.25,15586.97,56.15,567.96,6.378,2105974,39147878223.35,292743959194.394,1261683.49163088,1.8113,11.577,0.56,12.14,42.1318489555974,10.8240518740794,14378964315.77,164319429406.3
2023,3,220.9,18271633.15,77.5,718503.648,3.278,3.65,118.06,1682709.059,915.07,16016.56,55.1,640.63,5.899,2159049,44860267902.99,296474793722.298,1281000.55498422,1.8553,11.49,-0.27,11.22,40.6054709597675,11.6485425574516,16312029119.24,168944898311.39
2023,4,221.541621676754,14683886.64,78.5,728887.267,3.249,3.63,111.33,1705274.724,811,16154.84,54.91,587.47,5.152,2071926,40434289304.76,300003608911.219,1291572.57464611,1.8252,11.057,-0.17,10.88,37.1023711097864,11.9734276328549,15940615748.75,171036677548.53
2023,5,216.395572694098,14269080.15,71.8,723811.946,3.229,3.59,123.05,1730315.006,881.11,16184.7,54.69,518.94,4.431,2138001,48656844168.72,305373969284.335,1307513.94989574,1.886,11.331,-0.9,10.43,30.4972953882216,12.2251996652814,14604931064,172811130003.36
2023,6,217.714722139481,18446302.04,75,742214.135,2.911,3.36,117.39,1779631.679,846.41,16196.89,55.12,583.48,3.996,2099920,45152083708.62,313943211605.243,1362654.64534668,2.0062,11.136,-1.34,9.8,29.2246306353454,12.6340925395551,15586394344.98,175059671625.21
2023,7,215.129520134026,14789399.76,78.3,753773.473,3.098,3.08,115.92,1797687.674,889.38,15423.92,56.11,652.57,3.951,2107284,48132373778.34,330156702120.033,1382044.57335908,2.0792,10.465,-1.03,9.43,30.2119669728708,13.081254138042,15449856502.45,177547731187.72
2023,8,215.240365173612,18465176,74,770528.798,2.935,3.05,117.06,1821625.828,860.64,15827.37,56.78,555.22,4.269,2094278,49001484138.66,321255539416.436,1395591.93161618,2.1294,9.181,0.44,9.62,29.232374157061,13.4448530494785,15381625476.85,179671935401.93
2023,9,214.287359068695,14741403.73,60.9,738905.519,3.196,3.09,116.74,1828088.818,827.21,15851.05,56.91,389.36,4.41,2103843,46855591554.93,341449870369.648,1428915.26502519,2.3014,9.744,0.07,9.81,29.4703036024882,15.037737424983,15633250626.83,182201034629.27
2023,10,213.747517891464,14373829.77,63.7,755633.076,3.25,3.19,116.57,1858796.317,827.08,15329.18,56.88,441.72,4.346,2133925,51883882203.24,346266722067.913,1460346.08824678,2.4286,10.155,-0.33,9.82,26.3897402279884,15.7736038713371,14571841457.51,184713353645.33
2023,11,213.576591315087,18447848.67,77,763480.166,3.35,2.88,121.18,1884155.225,788.01,15044.5,56.99,542.24,4.004,2105433,54363456183.86,354372048159.623,1481622.5342574,2.5504,10.11,-0.14,9.97,25.5290158152142,16.3928231868116,15237703754.21,186327184342.97
2023,12,221.285756764183,16324976.57,79.3,819640.312,3.294,2.56,125.89,1974886.218,945.04,15457.67,57.54,682.69,3.569,2138144,53331391066.78,359790595631.388,1497662.78207375,2.6017,9.842,0.15,9.99,24.6606368966558,17.1011507097168,17372600056.85,188589509881.6
2024,1,222.831145415043,16094738.29,82.4,780572.683,3.504,2.55,122.78,1921540.608,902.35,14360.26,58.9,643,3.317,2093134,56086808644.55,425473399705.421,1515883.34519109,2.767,9.768,0.23,10,15.2524768125623,22.6592582056171,21796289636.18,192266102103.62
2024,2,223.777576031701,19345935.57,86.8,779112.808,3.596,2.39,129.47,1940691.503,898.47,14163.63,58.84,660.65,3.3,2138524,51691805202.92,431396368642.964,1533684.7421598,2.7451,9.92,0.14,10.06,12.0649527874006,26.1196854968615,17100714132.95,194987851920.8
2024,3,223.833831665387,15203028.73,83.8,782933.503,3.816,2.3,119.64,1966368.784,960.16,13807.66,59.17,726,3.385,2158279,53531421918.02,439838405098.307,1556990.20173143,2.8569,10.669,-0.59,10.08,13.9481255507764,25.7187461301179,16961623645.34,195637446446.9
2024,4,224.595042572921,15152819.83,79.8,767646.578,3.977,2.26,120.83,1963026.019,893.59,13787.78,59.16,608.14,3.032,2128643,NA,NA,1569237.83494236,2.9509,11.931,-2.23,9.7,17.7151197299785,25.8850487392742,18373084465.45,198069915163.6
2024,5,225.192066673339,18785001,72.6,785705.774,3.807,2.16,128.89,1992559.229,922.92,13931.31,58.73,566.82,3.196,2176498,155005530245.62,449875542071.29,1585789.84617528,2.9598,12.481,-2.58,9.9,18.3807069496682,25.9839012046673,16996997774.17,200461981873.77
2024,6,232.290258022816,15093919,76.4,764228.478,3.992,2.17,123.44,1998140.439,852.25,13384.88,59.35,624.88,3.463,2146387,54336755307.37,457775316862.524,1594194.42975433,2.9014,11.478,-1.63,9.85,15.8406374262064,25.6863889702454,16426908438.82,201302495967.61
2024,7,232.622692223153,15267577,78.7,781602.933,3.817,2.18,122.74,2023667.578,908.64,15287.17,59.28,664.92,3.539,2184125,66078104302.16,462603161258.743,1603052.0186375,2.9615,13.308,-3.45,9.86,13.4676526651753,25.7810294070946,16493356143.41,202345995608.57
2024,8,224.040068141155,19579426,73.2,791786.277,3.883,2.21,123.89,2053791.211,933.58,14864.18,59.78,551.63,3.424,2144976,61361109277.14,467685632811.256,1620401.90567555,3.0125,12.914,-3.13,9.79,13.2398695007871,25.2965332370547,17110264095.89,204074634227.61
2024,9,224.776246611218,15200290,60.7,782793.279,3.951,2.1,121.11,2036461.648,868.6,14468.81,60.08,378.95,3.286,2160783,59851427970.39,480678482206.626,1625599.01259198,3.045,12.688,-3,9.69,12.9329743596207,25.0869664296138,16900967903.64,205342351504.42
2024,10,224.161257575182,18137636,66.1,770332.681,3.928,1.97,122.93,2034603.911,897.03,13542.06,60.22,455.58,3.158,2206846,63016484507.42,486483699307.533,1637210.62108524,3.0492,12.452,-3.06,9.39,12.3331419723657,24.1574914890584,15209783028.52,205980293075.43
2024,11,223.893183857581,13839080,76.9,807747.547,3.755,2.04,125.94,2078416.568,826.63,13085.08,60.32,562.63,3.18,2157762,62795751887.66,492452007753.664,1659164.99482139,3.1246,12.337,-2.78,9.56,12.2425638161174,23.5634484718083,17037387294.13,207779976615.35
2024,12,224.256265009345,14654920,79.7,866350.065,3.795,2.03,129.75,2182684.532,994.75,13382.47,60.94,682.17,3.348,2219499,70265792883.35,499390448084.274,1651191.02414269,3.1912,11.719,-2.18,9.54,10.3087399282503,22.6874951817234,17538952070.83,207946328629.33
2025,1,232.165013860058,18497637.3,83.3,836128.243,3.791,2.03,125.59,2170770.441,935.64,12604.67,61.67,650.88,3.324,2123418,60517134977.54,503346347729.498,1656159.38275283,3.1575,11.612,-2.31,9.3,1.50795238117765,14.1677473457811,21901933042.67,208051972035.82
2025,2,232.017610257651,14156274.3,86.8,834907.445,3.842,2.04,130.34,2175447.283,916.99,14899.85,62.29,641.93,3.564,2158065,65446868329.78,569234531505.716,1661062.14543432,3.1586,10.934,-1.7,9.24,-0.623678386777403,10.9488815835866,17624734117.54,208575992020.41
2025,3,233.229194910857,14543086.74,81.6,834302.217,3.814,2.23,126.13,2153900.537,1110.26,14746.35,63.09,715.79,3.581,2230869,63140409849.76,516171352702.409,1672352.94306182,3.125,10.68,-1.14,9.54,-0.536369403398774,12.1546659619222,16953744973.96,208568113349.03
2025,4,232.155017144522,13993890.53,76.2,811973.192,3.868,2.52,122.86,2135758.098,954.58,15049.93,60.8,635.15,3.708,2226931,60800103300.19,515573444775.049,1689528.26554669,3.1552,10.482,-0.56,9.92,-2.18142194351794,12.3927135325959,18555039469.98,208750068353.56
2025,5,231.726955831448,17463031.09,72,812706.769,3.827,2.19,132.92,2152080.085,985.48,14638.68,59.15,560.55,3.836,2242332,85283018657.48,671916459786.272,1708569.83552546,3.3572,11.524,-1.43,10.09,-1.66188013779114,12.5623205172898,16861269223.76,208614339803.15
2025,6,231.151643093183,14234257.04,74,832222.83,3.788,2.16,124.78,2186771.632,923.79,14788.44,59.57,624.08,3.555,2226937,96198648869.15,782502260286.156,1721921.86530744,3.4145,12.591,-2.43,10.16,0.712054411530367,12.5889274912046,17399010778.91,209586442143.24
2025,7,231.544619600996,18230136.69,78.5,852600.339,3.89,1.99,126.33,2243480.198,1047.73,14198.99,60.67,699.41,3.4,2260926,68393421044.75,540631826264.42,1741560.22597335,3.46,12.246,-2.56,9.68,0.824937697231192,12.0016448926209,17189182837.24,210282268837.07
2025,8,231.380093742866,15228977,69.5,863494.986,3.752,1.89,125.75,2282679.768,1046.53,13882.68,62.29,569.65,3.714,2192103,65404258900.79,548592437814.979,1756484.63561767,3.19,10.708,-1.27,9.44,0.86694460635949,11.4432966745428,18612153368.38,211784158109.56
2025,9,231.689287347362,14690157,58.2,867745.808,3.808,1.79,122.45,2289813.562,991.8,13290.14,63,393.2,3.756,2255383,69194036344.41,553564370799.297,1769166.27361632,3.18,8.422,0.99,9.41,0.722461625692391,11.0863755760485,17448602375.39,212331792581.31
2025,10,237.28060803607,16868068.64,63,863225.375,3.878,1.79,123.15,2305476.922,965.62,14632.29,63.77,486.36,4.231,2281237,67659394561.33,559188643339.831,1778454.3062401,NA,7.137,2.38,9.52,1.15924659737516,11.3258319290744,16529426898.17,213651436450.96
2025,11,231.630517482322,12934284,77,880705.66,3.966,1.85,129.92,2313762.564,889.52,14269.42,63.89,608.19,4.811,2243854,65512413615.1,566292205413.263,1792369.09517962,NA,6.826,2.75,9.58,1.54642476395182,11.614867524249,17564784739.73,214178833896.56
2025,12,231.989763268025,NA,80.2,957811.688,3.744,1.75,132.75,2399479.011,1098.38,14686.72,63.64,756.57,4.952,2308549,78730443350.69,565733507343.444,1788828.07428431,NA,7.002,2.5,9.5,2.13326001714896,12.141671466662,19749555231.82,216389437057.55
2026,1,NA,NA,NA,940615.903,3.785,1.72,129.97,2381711.188,982.77,13951.89,63.51,709.89,4.984,2181704,57722503364.43,547613433641.939,1787226.60857563,NA,6.862,2.63,9.49,14.9276084159457,20.0460051901255,25142565080.96,219630069095.84
2026,2,NA,NA,NA,915858.13,3.965,1.76,135.38,2377028.879,887.64,16176.48,62.2,718.54,4.672,2272743,60564969034.18,573069678887.082,1816498.57086065,NA,7.368,2.02,9.38,12.7091284293867,19.4025829139153,19221940902.42,221227275880.72
2026,3,NA,NA,NA,928749.898,3.942,2.01,132.53,2345217.148,1149.2,16138.93,60.67,831.96,4.629,2325278,72254473209.51,567276676924,1834131.60752128,NA,7.816,1.47,9.29,9.47880067810852,18.3143946949457,19870518961.28,224144049868.04
2026,4,NA,NA,NA,913696.051,3.967,1.88,127.49,2360921.367,NA,15881.5,60.38,NA,5.114,2256214,64812980922.81,569396242265.536,1860284.45974574,NA,8.37,0.95,9.32,11.0422686829559,17.2048737128486,21422415701.76,227011426099.82
2026,5,NA,NA,NA,911264.276,3.919,1.76,NA,2367895.538,NA,15766.57,59.46,NA,NA,NA,65410183562.25,566906813612.167,NA,NA,8.674,0.59,9.27,11.9268050194067,16.2990173957957,NA,NA
2026,6,NA,NA,NA,912798.548,3.915,1.67,NA,2363363.753,NA,NA,NA,NA,NA,NA,19632953343.75,538077742895.904,NA,NA,8.51,0.69,9.2,NA,NA,NA,NA
